path,ID
11n24y (10).jpg,IM_6zIPXwjhhxmikqa
11n24y (15).jpg,IM_09Dutjwc6TWaDau
11n24y (20).jpg,IM_8vJ8hpauQtyXaGq
11n24y (22).jpg,IM_0kSfSTGnLaQEkbs
11n24y (24).jpg,IM_bC6ySDHZzAa3r9Q
11n24y (27).jpg,IM_9M59C0ORpFwQyiO
11n24y (28).jpg,IM_7P5YzPIhQsSeuDY
11n24y (29).jpg,IM_39OHQXWlRAFGyNM
11n24y (31).jpg,IM_7PcYVZOTg6cCoqq
11n24y (32).jpg,IM_3C8ZgoKibQ6TDn0
11n24y (36).jpg,IM_0DjFe7rh7FceNRc
11n24y (40).jpg,IM_6QlIQcL5AnDJLfg
11n24y (44).jpg,IM_0oICltQIdExK1hk
11n24y (48).jpg,IM_cuLUAgtnZuR0xOC
11n24y (49).jpg,IM_bvxCFFFuU6Urujs
11n24y (52).jpg,IM_eM47jkHUIzQRfQa
11n24y (54).jpg,IM_9zSsQdOJcnVAG5E
11n24y (55).jpg,IM_aXjSc3V5jL7EPfo
11n24y (58).jpg,IM_eY9HIJiL97CjssS
11n24y (6).jpg,IM_38lVKiiOwWgiiDI
11n24y (60).jpg,IM_2tvJSdzoysWhOlw
11n24y (64).jpg,IM_a3mMme2TKZ4Ii2i
11n24y (68).jpg,IM_816vevAKylj6ZhA
11n24y (69).jpg,IM_6KA7Dj8gi0GZZVs
11n24y (7).jpg,IM_87y4XFJxedrAm3k
11n24y (70).jpg,IM_agBUAmispXPXkay
11n24y (71).jpg,IM_9TgozdyV5JScgUC
11n24y (72).jpg,IM_8qSIzniccB6Ecia
11n24y (9).jpg,IM_cZwuEEmJVa9mOZE
aimibento (1).jpg,IM_5dWB6ymrPWh0qHQ
aimibento (15).jpg,IM_8nXQenbIeyPRfNQ
aimibento (17).jpg,IM_2aTR2qXe4UeQMp8
aimibento (4).jpg,IM_cIK33vn7zcxt8cC
aimibento (5).jpg,IM_6lK34oWgmsmIsvA
aimibento (7).jpg,IM_9nILyyDTJS53kHA
aknms (10).jpg,IM_22Y1sZttCB9K9XE
aknms (101).jpg,IM_3s1w2mGP14yPSLk
aknms (103).jpg,IM_2n9p75q1O4DZFmm
aknms (104).jpg,IM_9moC8MbX8gnPGtg
aknms (108).jpg,IM_eA7FmRIL7bK2FjE
aknms (109).jpg,IM_85Gsa8rZBGfZsBE
aknms (113).jpg,IM_d4HFRFUt19mChgy
aknms (114).jpg,IM_5jrFT69YESFjgHQ
aknms (116).jpg,IM_eR8VdoMUWaz6778
aknms (119).jpg,IM_25hWhE7D5pnhQEe
aknms (12).jpg,IM_6W3SQqRqrTmpO7A
aknms (122).jpg,IM_77D4MIO4D4Y8y3k
aknms (124).jpg,IM_d5UagjBJUmdhBD8
aknms (125).jpg,IM_4TxfCPPP1iluHHw
aknms (127).jpg,IM_bfGgYZH6SmIaJtI
aknms (130).jpg,IM_bkJPb2kaEP8Hrwy
aknms (137).jpg,IM_7aCmiptkvKCEVxk
aknms (138).jpg,IM_eXw0w3uw7Mghs1M
aknms (139).jpg,IM_3eJrkFjPITjRI58
aknms (14).jpg,IM_5ni5RsYJddJr2gm
aknms (145).jpg,IM_be0501LuIyqewM6
aknms (147).jpg,IM_brYPoTQCNzsLSl0
aknms (148).jpg,IM_eb2SuDxNudAo4FU
aknms (149).jpg,IM_eeSWAcm1stydld4
aknms (153).jpg,IM_3I4AVzPLAJ6hgxw
aknms (18).jpg,IM_a4CxO4gxODEmuI6
aknms (20).jpg,IM_6P7cgRHp4p1muEK
aknms (23).jpg,IM_eKils0MvVmpF9no
aknms (25).jpg,IM_9nSNs1a0XOvcuLI
aknms (26).jpg,IM_2numZSDg4N96cvA
aknms (27).jpg,IM_dbAocclXiZbfoWi
aknms (31).jpg,IM_25L12ZIvnnX5Sm2
aknms (34).jpg,IM_8B525qFXNk7IC4S
aknms (39).jpg,IM_2myPVXwDOwLgMom
aknms (40).jpg,IM_6W236btjslH9iaq
aknms (41).jpg,IM_1Sln9Bqj8rCCItg
aknms (46).jpg,IM_9FAGEhfBKyFFFqu
aknms (54).jpg,IM_8nV0qbDYWtmZ2UC
aknms (56).jpg,IM_6mSuNC2MCTaoHVs
aknms (57).jpg,IM_6rFM9SNLkn5fulg
aknms (58).jpg,IM_9zbXl1cBbGANQay
aknms (64).jpg,IM_8omPnnZsjsvUMke
aknms (66).jpg,IM_eyCOKynAsDebIYS
aknms (68).jpg,IM_8CFmDPzflwjHSnk
aknms (69).jpg,IM_5pqJPuh6CSOeCgK
aknms (71).jpg,IM_3guogG1g2U3BIbQ
aknms (73).jpg,IM_82GFSHBMpPAAUdg
aknms (74).jpg,IM_eS6mdmRw7nk4lMy
aknms (79).jpg,IM_82NTZvjM8IFzMdU
aknms (82).jpg,IM_en89pZKsv5LXSFo
aknms (83).jpg,IM_bmGKyvapzyqb5Ii
aknms (86).jpg,IM_0U09mP3ReovC5ds
aknms (88).jpg,IM_ehV2KLtWj1Qz49g
aknms (9).jpg,IM_9sFFSiUSNeXdNY2
aknms (92).jpg,IM_4UzEQ93KJhu8KzA
aknms (98).jpg,IM_eUM1DJazyVkrf6u
cookgram  (10).jpg,IM_0qeWqmpXRXyyS3k
cookgram  (102).jpg,IM_eu04sJRc6P3y8Ie
cookgram  (106).jpg,IM_3pAgFYNqGycjBBA
cookgram  (107).jpg,IM_1GFqOfYFzgpKdXU
cookgram  (113).jpg,IM_bCopiH0k83OVBr0
cookgram  (114).jpg,IM_ab0x4WBIQRN0Ng2
cookgram  (115).jpg,IM_51MN94cvInep8hw
cookgram  (116).jpg,IM_exP0HBxijRAGWFM
cookgram  (117).jpg,IM_6JeC4obLdDLsns2
cookgram  (118).jpg,IM_5C2l3MFCNCH1Mhg
cookgram  (12).jpg,IM_2fN0UDYkUiYkPuC
cookgram  (121).jpg,IM_9yl2um0tOoT2pOS
cookgram  (122).jpg,IM_a8Z8ZRcKS8uSMUm
cookgram  (125).jpg,IM_0xMTqbnjB63dgkS
cookgram  (127).jpg,IM_e4kWRT0bvHDKlZs
cookgram  (129).jpg,IM_1T9d3epwVu06TRk
cookgram  (13).jpg,IM_6fkyc4CMUaOMoui
cookgram  (131).jpg,IM_cw12LJb8LAEi6Eu
cookgram  (135).jpg,IM_8jEOy5jutWzHp3w
cookgram  (138).jpg,IM_8igCvg7pAxEfLNk
cookgram  (14).jpg,IM_56JVoV8adWi97FQ
cookgram  (141).jpg,IM_1Nw1e8qkd2gFEUK
cookgram  (143).jpg,IM_6fAKRqly7a2tGbc
cookgram  (144).jpg,IM_6WiHc41iczn9d8G
cookgram  (145).jpg,IM_3f0zkUpWwQlkjj0
cookgram  (148).jpg,IM_3VtwTgyXz46eU2a
cookgram  (149).jpg,IM_03a96phw436x6gC
cookgram  (15).jpg,IM_cZxS6Vs49VlQrfU
cookgram  (151).jpg,IM_3mhrTEkknqAQq2i
cookgram  (152).jpg,IM_e515RiyOJXttssm
cookgram  (153).jpg,IM_6xRb2sTjx4fbOqG
cookgram  (154).jpg,IM_6hzdgEwRJMT6Ytw
cookgram  (155).jpg,IM_eqFx1Si3kdDdbVQ
cookgram  (156).jpg,IM_bd9onU2guUfI2Nw
cookgram  (159).jpg,IM_baBjVxU0p5fP4gK
cookgram  (163).jpg,IM_37PP0DhR2FOJe5g
cookgram  (165).jpg,IM_00YomykvNRev6ce
cookgram  (166).jpg,IM_4PC8RJVuykJSDT8
cookgram  (169).jpg,IM_6S90zk4y2XSxcqy
cookgram  (17).jpg,IM_8dH5oZai9qgWQNU
cookgram  (170).jpg,IM_6n96cRXQhxPtAcS
cookgram  (171).jpg,IM_5u2m0kSDz8RD0Im
cookgram  (172).jpg,IM_7VD3V2JKm2KJODA
cookgram  (174).jpg,IM_3kl4geuMtPPU9Qa
cookgram  (177).jpg,IM_dos6ktKtxsjYc9E
cookgram  (18).jpg,IM_8BvCMJsJ9X6DLfM
cookgram  (182).jpg,IM_2lsoC5O5TqQVDoO
cookgram  (186).jpg,IM_brRna9ZTRATxa18
cookgram  (192).jpg,IM_aVmbTGpwSOOeRKK
cookgram  (194).jpg,IM_9Fg1KPrf2ezwXA2
cookgram  (195).jpg,IM_8p18qeQUzzOxQnY
cookgram  (196).jpg,IM_7UU0L7SOedMQj2e
cookgram  (197).jpg,IM_cC6RxYxi8h3PA0e
cookgram  (2).jpg,IM_dppbsSt7UfYWgWW
cookgram  (202).jpg,IM_d5R47G2zJBTs61g
cookgram  (21).jpg,IM_9WWNUZ8UtH7lhWu
cookgram  (23).jpg,IM_eM8rjrK5lLnphhI
cookgram  (24).jpg,IM_3a2U5phFiKHT834
cookgram  (29).jpg,IM_1AnmjRr3pj5ZL6u
cookgram  (32).jpg,IM_3F46vWCGhYl44l0
cookgram  (35).jpg,IM_cvH0HChjTm1qUei
cookgram  (38).jpg,IM_0i9SygqqrxxZpEW
cookgram  (4).jpg,IM_20n5Z3T8yBEA7jw
cookgram  (46).jpg,IM_cYABmGwb2PgheEm
cookgram  (48).jpg,IM_9tSuKau4QdEkwXc
cookgram  (5).jpg,IM_9RJeGFnPOyaSYaa
cookgram  (55).jpg,IM_ctEylqtDg6VARkW
cookgram  (56).jpg,IM_bau9WusRJrWQDJQ
cookgram  (57).jpg,IM_aYoxYaKwhZFeRDg
cookgram  (58).jpg,IM_a4OYKCFYSNE2HLU
cookgram  (6).jpg,IM_8nN7eaB4gPeiUhE
cookgram  (62).jpg,IM_0VWsnqBlmYNV6Sy
cookgram  (68).jpg,IM_eVc1vLVuwwI5kG2
cookgram  (70).jpg,IM_9XCU66vrZAdyc7Q
cookgram  (75).jpg,IM_7VuG7whWoqj8eWy
cookgram  (77).jpg,IM_9T77Dk1s8O0BIs6
cookgram  (8).jpg,IM_b1Mkcsi20T2tSRg
cookgram  (81).jpg,IM_85IirFMZEXN4Xl4
cookgram  (84).jpg,IM_5jbyMwD7FOxEoe2
cookgram  (87).jpg,IM_7PSWN26i89QBrfg
cookgram  (9).jpg,IM_cAco42hJFfOlcLI
cookgram  (90).jpg,IM_3ZTu3czHr3lRYQ6
cookgram  (92).jpg,IM_5dISfNVOHzkA0eO
cookgram  (93).jpg,IM_0rD70KtLzBDqPRQ
cookgram  (95).jpg,IM_9vHFOiwcPsxnKMC
cookgram  (98).jpg,IM_eOKmxJGEJJiPn2m
cookgram  (99).jpg,IM_ezzeE2bGoTA7mU6
hayaben_tarou (11).jpg,IM_eEVTzZxM8GxwXm6
hayaben_tarou (13).jpg,IM_bsGN9KPOyIxZuTA
hayaben_tarou (16).jpg,IM_esNHViyFwwJzfYq
hayaben_tarou (18).jpg,IM_8CGZHrOVXXMyvMG
hayaben_tarou (20).jpg,IM_1AC7FPJhdRx65Fk
hayaben_tarou (22).jpg,IM_42VfiDms5jFFijc
hayaben_tarou (25).jpg,IM_3Iy27kfo8WbdHTg
hayaben_tarou (26).jpg,IM_cVeCW8lyIi5MF3E
hayaben_tarou (29).jpg,IM_3EMWFU6oR5s4P8q
hayaben_tarou (6).jpg,IM_bxfRalMACMSXlrM
hayaben_tarou (7).jpg,IM_a5cPKALz35945ca
hikameshi (11).jpg,IM_cLVJzaVClyg1NCC
hikameshi (16).jpg,IM_cJ8vnYlUWbaILB4
hikameshi (20).jpg,IM_02IVMGiw2gQVIqy
hikameshi (21).jpg,IM_71YNcnBrXLeXH02
hikameshi (23).jpg,IM_5j6JKkUrd86Px0a
hikameshi (24).jpg,IM_8kXj7u4bDE2nrsW
hikameshi (25).jpg,IM_248iYhecYCzVQeW
hikameshi (26).jpg,IM_083spXUplw2PKtg
hikameshi (27).jpg,IM_a9jHKWZievlWjUq
hikameshi (29).jpg,IM_d6lxB9BtncX196m
hikameshi (3).jpg,IM_b7Us3eSg2klNoRo
hikameshi (32).jpg,IM_bkYhloMpkilKmnc
hikameshi (36).jpg,IM_3ar3OIOjUFL1VAO
hikameshi (40).jpg,IM_4HqNs5aiPhSx702
hikameshi (41).jpg,IM_8wBz2fhpk8cMNaC
hikameshi (42).jpg,IM_byE2OcBC4cuXbi6
hikameshi (45).jpg,IM_6MC5OJDMSDM8ulE
hikameshi (48).jpg,IM_ePNzZnEWvvCrAh0
hikameshi (49).jpg,IM_0uODbhlNTKAfSgm
hikameshi (52).jpg,IM_0UqLRZAIIo8PMLc
hikameshi (9).jpg,IM_6momQjQRQhvwh6e
hitorigohan (1).jpg,IM_cVoqzeAfMi1BjHU
hitorigohan (10).jpg,IM_2oFuGGdgLM4794O
hitorigohan (103).jpg,IM_eEAcXapJLU4YtsW
hitorigohan (11).jpg,IM_41P8pbU2WxObaZ0
hitorigohan (120).jpg,IM_3qHsRUPOoBDShYG
hitorigohan (125).jpg,IM_byBhhVMIb0v9eXI
hitorigohan (127).jpg,IM_9HU2umhNlKDYRvM
hitorigohan (13).jpg,IM_cBa1Tn1MrfNN3aS
hitorigohan (133).jpg,IM_73rJ7XCZqMD3xdk
hitorigohan (134).jpg,IM_ddmk5j7vadZIoJ0
hitorigohan (136).jpg,IM_1FAcFqdj8HqY54G
hitorigohan (138).jpg,IM_2rGYWVGpoWu8gwS
hitorigohan (14).jpg,IM_bDHqPejQncbPvSK
hitorigohan (140).jpg,IM_9TrJwx76oHCmUAK
hitorigohan (143).jpg,IM_9Y84P9wbUM3fYou
hitorigohan (144).jpg,IM_9ZG3GhlKw86Hwzk
hitorigohan (147).jpg,IM_aW2gxuNGzmwClNk
hitorigohan (150).jpg,IM_aWAfjXTx4Cscrzg
hitorigohan (152).jpg,IM_e5kNsUgzNv9EOcS
hitorigohan (153).jpg,IM_cUWs7WXcr46xDRc
hitorigohan (156).jpg,IM_5gNlXU13E8mDyN8
hitorigohan (159).jpg,IM_6hAGne1Fj8BrTv0
hitorigohan (162).jpg,IM_6MboZ3cgEIr6kUS
hitorigohan (165).jpg,IM_0dBTaEoMqi4olRI
hitorigohan (172).jpg,IM_a8FKEJt9a9Aoazk
hitorigohan (176).jpg,IM_1ZzSxsGKOqIlGgS
hitorigohan (180).jpg,IM_bEJGmrX7G4mdUvY
hitorigohan (181).jpg,IM_9prIuzFy8AmvQGO
hitorigohan (184).jpg,IM_031yFrsngxcX1Iy
hitorigohan (185).jpg,IM_1zEn9fkrhfpSWyO
hitorigohan (186).jpg,IM_e4fgieaCuQ03cJo
hitorigohan (19).jpg,IM_bd8n0aLgcLn6m9M
hitorigohan (193).jpg,IM_0B44AxvUPDDTWaG
hitorigohan (195).jpg,IM_80bLRA3VfIFuCl8
hitorigohan (196).jpg,IM_bgDbty5EMrRsy6a
hitorigohan (198).jpg,IM_bj8kZffuE3NpS1o
hitorigohan (199).jpg,IM_86SctzFFwrPwBdc
hitorigohan (20).jpg,IM_5aRYhpgHZetTfMy
hitorigohan (200).jpg,IM_5imb2qzsLq8HcpM
hitorigohan (204).jpg,IM_0PL5nQutfthJryC
hitorigohan (207).jpg,IM_bQ7bpLLSurSAT7E
hitorigohan (208).jpg,IM_cHN5aKaJVRQSQzs
hitorigohan (209).jpg,IM_9NoPuWWsVYAi7PM
hitorigohan (212).jpg,IM_8cSSUpr3OlQPR0W
hitorigohan (214).jpg,IM_6s6jA0tcqtW4xtI
hitorigohan (215).jpg,IM_6r3PTQxLn9J244K
hitorigohan (216).jpg,IM_892SksETTHlqdDg
hitorigohan (218).jpg,IM_eqBvKeFLlBn2WMe
hitorigohan (219).jpg,IM_6J5QA8h2nPFVrv0
hitorigohan (223).jpg,IM_4MdM0LiUcef8snA
hitorigohan (231).jpg,IM_cUtr4WHDiyAlPF4
hitorigohan (235).jpg,IM_7Pq0JAH5iFtP2ku
hitorigohan (34).jpg,IM_85Qusmec3KSAdM2
hitorigohan (44).jpg,IM_8oxGwNV8PKMCSLc
hitorigohan (47).jpg,IM_ehS4SpUNaLeQCxw
hitorigohan (48).jpg,IM_a3JNnncqThAF0Ls
hitorigohan (49).jpg,IM_6ifEntPOnTfA9Gm
hitorigohan (55).jpg,IM_erF1FRBuh4bisUS
hitorigohan (56).jpg,IM_0k7At1kH85tjNhs
hitorigohan (57).jpg,IM_dpc1m3IVOSWjKp8
hitorigohan (58).jpg,IM_bJXXqVgaopbXyo6
hitorigohan (60).jpg,IM_1IdiD8QamRzKOQm
hitorigohan (61).jpg,IM_6RpxrQccmlEsOZ8
hitorigohan (63).jpg,IM_dpazGLRtSsewBWm
hitorigohan (66).jpg,IM_8zWGFcqHckm0euW
hitorigohan (67).jpg,IM_0jFQNKk5r1G3FjM
hitorigohan (69).jpg,IM_6fz5xMiNOoLEqkC
hitorigohan (73).jpg,IM_bwm4OdO9kdCc0dg
hitorigohan (97).jpg,IM_6ySnGetumm2QPt4
hitorigohan (98).jpg,IM_81f69xj3uTJjdmS
majitaihen (125).jpg,IM_3KUnvl9zh5M2RWC
majitaihen (155).jpg,IM_8jCzxJMuFoS3d9I
makiwappa  (1).jpg,IM_6JaAaPEjh2WcJj8
makiwappa  (10).jpg,IM_6D0cu393izwhdZ4
makiwappa  (100).jpg,IM_9TzvX2GgCO9XzDw
makiwappa  (107).jpg,IM_3KsivsaTYwJdbx4
makiwappa  (11).jpg,IM_9nMzGDqf2HH4iLY
makiwappa  (113).jpg,IM_6fdncFnCIDXmM98
makiwappa  (114).jpg,IM_egJhL6W2mJAKB3o
makiwappa  (115).jpg,IM_5nCyCC78PzM4qea
makiwappa  (118).jpg,IM_3Qo4PIYgKCdCeDc
makiwappa  (119).jpg,IM_8IkOMmgJAtc1zgi
makiwappa  (121).jpg,IM_25nfrKjK2pWrDCu
makiwappa  (122).jpg,IM_1MNzu0NONcLEvps
makiwappa  (124).jpg,IM_5AVKyLWeap3WCQC
makiwappa  (130).jpg,IM_8J2o0D0kpWE5zWC
makiwappa  (14).jpg,IM_1yHZlN3l09Z9aFo
makiwappa  (18).jpg,IM_3CydD5sH3JfT7ts
makiwappa  (19).jpg,IM_4GCsoA83IfZPisK
makiwappa  (23).jpg,IM_3Uxp7hzaJRzRS4u
makiwappa  (26).jpg,IM_2nvyl9qzLXDfLz8
makiwappa  (29).jpg,IM_0CKL1Bsb74VbpYO
makiwappa  (32).jpg,IM_1FjKoM4w4X4jjPE
makiwappa  (33).jpg,IM_3BLjh1bF2WO5AMK
makiwappa  (35).jpg,IM_0VZ8hmAgfiygwPs
makiwappa  (42).jpg,IM_3JmytydkQ2fQUxE
makiwappa  (5).jpg,IM_3pxaD5ojCnzoMrY
makiwappa  (51).jpg,IM_3P3WsrIeh6qNRb0
makiwappa  (52).jpg,IM_80W2AFgqHoLPPdc
makiwappa  (54).jpg,IM_87Ke9mqd1QZWazQ
makiwappa  (55).jpg,IM_dgN7Nstf5Pcc3Gu
makiwappa  (58).jpg,IM_71HxqkhIOg5sgbY
makiwappa  (6).jpg,IM_51Icm8DO1XQhGjY
makiwappa  (7).jpg,IM_7VVDpJguZmkPC5w
makiwappa  (75).jpg,IM_do6vorog2ZT2tyC
makiwappa  (79).jpg,IM_6EiSUgwVJtHQyCG
makiwappa  (8).jpg,IM_5aqfAQtztoZ48PI
makiwappa  (80).jpg,IM_3xh6TWbp1qBCQzI
makiwappa  (81).jpg,IM_3eiF0nJGUyfTbsG
makiwappa  (85).jpg,IM_6mpJy2gJJcmKzm6
makiwappa  (94).jpg,IM_2fvrTnd792hZTHE
mami (10).jpg,IM_e50sFsqfpfsuyfY
mami (11).jpg,IM_0HTHKf65yWqA4jI
mami (12).jpg,IM_a9nzOSpROIXAVh4
mami (14).jpg,IM_brpExOvOrKVfuaq
mami (15).jpg,IM_czHzjiM4Hgah4pw
mami (18).jpg,IM_9H6DgOVRnpYQSFg
mami (19).jpg,IM_79TmArCWLmb3NrM
mami (22).jpg,IM_1Lf7QKHuYfblymi
mami (23).jpg,IM_9M5zagNumRBwmeG
mami (24).jpg,IM_3KskfNECIeFmcMC
mami (26).jpg,IM_bJl7aq6UU9UHv2m
mami (5).jpg,IM_5mUIMZ4t0l0cKAC
mami (7).jpg,IM_3qOHc9NspJZxmqa
mami (9).jpg,IM_3NJvj5isMolsxBI
meme (11).jpg,IM_5cKLy5oTcOrpZRA
meme (12).jpg,IM_8Jr4hnZqACapaAu
meme (13).jpg,IM_6usIt4cEZrsDzSe
meme (15).jpg,IM_8bOVm41p5M9CFdI
meme (18).jpg,IM_aWzYsg8IPpmQN3U
meme (24).jpg,IM_cOzFPibJNRssF5Y
meme (26).jpg,IM_0qfLNOyuG8Hi1yS
meme (28).jpg,IM_9M5tmkdgXOwWAfQ
meme (29).jpg,IM_0Tmr9ctd77E8T2u
meme (31).jpg,IM_9TeZWVJElekPAi2
meme (32).jpg,IM_0rCGrIZzi6x3Q4m
meme (33).jpg,IM_efcGGeWfEVXSfD8
meme (36).jpg,IM_b2iIoD5Dwrac4vA
meme (7).jpg,IM_9FDl5SdzpVCy3BA
miiko (10).jpg,IM_5pORKIvJIqD5v4q
miiko (12).jpg,IM_1Z9rjvW42wm8AN8
miiko (16).jpg,IM_6zFDEwFNSdlmJme
miiko (18).jpg,IM_3IV5NqQcXJ4rzJs
miiko (2).jpg,IM_7aFTVBOMYuwFCqW
miiko (20).jpg,IM_b9JOH6xmBQlb1GK
miiko (21).jpg,IM_diFyl7pKHrcbWyG
miiko (26).jpg,IM_eJoTcSsbCqaCjQ2
miiko (27).jpg,IM_dgKWd1K2J7nfGFE
miiko (30).jpg,IM_4GepIMNvMVAN6N8
miiko (34).jpg,IM_czQgtmkmRYMgpLg
miiko (35).jpg,IM_8f4O3CjgUxKfWRg
miiko (38).jpg,IM_9NtNmgXbhxspc9w
miiko (39).jpg,IM_5pb0IlkyzO4odVk
miiko (41).jpg,IM_0p6BN2bSxqtFUI6
miiko (43).jpg,IM_cI2qgTXrc1uVC06
miiko (45).jpg,IM_3aDDDDu4rznQIdg
miiko (46).jpg,IM_9YV8P0NjEIGEVbE
miiko (48).jpg,IM_cD8ZfpgfbrqXVTU
miiko (49).jpg,IM_doIEHxny7LSdYlU
miiko (55).jpg,IM_7aK4a3NL07dKzr0
miiko (56).jpg,IM_3rSIepSA2vNW5ts
miiko (59).jpg,IM_4Gki7SOA2ysQdz8
miiko (6).jpg,IM_dnky2QrgFUmuocu
miiko (63).jpg,IM_6tcPDrFZWFFPe8m
miiko (65).jpg,IM_1HeH9m9Ll5KFTLw
miiko (68).jpg,IM_dbuLGt7PDmhzwxw
miiko (70).jpg,IM_9tX0r4kKrgsa4IK
miiko (72).jpg,IM_0ePqNaxDI7EiUvA
miiko (73).jpg,IM_4OYZC4ON5FjHHNk
m_bookcook (1).jpg,IM_5dQMfKaQEAI854a
m_bookcook (107).jpg,IM_7962MvaPXPSs4aW
m_bookcook (108).jpg,IM_cFLCqNzYQK4S8BM
m_bookcook (110).jpg,IM_6LHtb6pTrh9oNXo
m_bookcook (112).jpg,IM_0IlKfVI0qUkA75A
m_bookcook (113).jpg,IM_8BwPYW5VfRRXFP0
m_bookcook (116).jpg,IM_9tLJ5mbZp6VKLOu
m_bookcook (117).jpg,IM_dh8wzGeRS93qtuu
m_bookcook (118).jpg,IM_40G5T9uM96sV12u
m_bookcook (12).jpg,IM_39HhUTRuredH0rk
m_bookcook (123).jpg,IM_1OgiRmBX0k0CZGC
m_bookcook (130).jpg,IM_9LGC651AmqPmRPE
m_bookcook (131).jpg,IM_81RTeIVmzvHTa4u
m_bookcook (135).jpg,IM_9pKO4N6Yj528ETA
m_bookcook (137).jpg,IM_cA5T3TNJotamikC
m_bookcook (138).jpg,IM_0UsbrVMmmtZsLY2
m_bookcook (14).jpg,IM_6flvXKHjUlpMeAS
m_bookcook (145).jpg,IM_dbBUXeLKcqlEcxo
m_bookcook (147).jpg,IM_8ujiTiZ1nSyMZNA
m_bookcook (150).jpg,IM_1Hxuo1IMHg1Fmlw
m_bookcook (154).jpg,IM_esu8EYfXEs6yQF8
m_bookcook (158).jpg,IM_6Ekbp90JDEM92xo
m_bookcook (16).jpg,IM_1HyBl3ysGv3tjg2
m_bookcook (163).jpg,IM_cTG4l6TomMyfIpM
m_bookcook (19).jpg,IM_6mvFfHoNhZ2woqG
m_bookcook (21).jpg,IM_08HdNcAm7UX06Y6
m_bookcook (22).jpg,IM_3kjuXT3YI2pXsBU
m_bookcook (25).jpg,IM_b9MUQfkEbpSItRI
m_bookcook (27).jpg,IM_6WLzXdppruklrn0
m_bookcook (30).jpg,IM_4IytJIwp7nrwBmu
m_bookcook (33).jpg,IM_6zk6JF0xpP8iQNo
m_bookcook (37).jpg,IM_cx2a0ulBWADiwKi
m_bookcook (4).jpg,IM_2tvYLjcAcofBI2y
m_bookcook (41).jpg,IM_bkGlDTdwA7q26dE
m_bookcook (42).jpg,IM_4Tp5Sk0H1T97zCu
m_bookcook (48).jpg,IM_8CjHGqWxIbY3oNg
m_bookcook (5).jpg,IM_aXc6N1tUXaZLUdU
m_bookcook (50).jpg,IM_0Hgbqvl4FV2qGNw
m_bookcook (51).jpg,IM_8AJaRnxFMBU2giG
m_bookcook (56).jpg,IM_88v5AMpm3VMkyLI
m_bookcook (58).jpg,IM_d6bUfKFgKsCXw4m
m_bookcook (59).jpg,IM_5vRk8aaoVvOXfxQ
m_bookcook (6).jpg,IM_cuRjJkk0lSZmmpg
m_bookcook (60).jpg,IM_51Hzptoc2krSRhA
m_bookcook (63).jpg,IM_a3Hfmn8AI5wM1pA
m_bookcook (68).jpg,IM_8J2v2kvHIG0xpem
m_bookcook (7).jpg,IM_9HXgpdxnNWUMMR0
m_bookcook (73).jpg,IM_b4n5q0f0FcUkGZ8
m_bookcook (74).jpg,IM_8HsQqeLCnehRyd0
m_bookcook (75).jpg,IM_0BRRIT7YiMhhWxE
m_bookcook (79).jpg,IM_cRQO6z4nnZplr8O
m_bookcook (8).jpg,IM_a3oiiJsVM2iBFhs
m_bookcook (83).jpg,IM_bvcoly0llakipPE
m_bookcook (85).jpg,IM_exoRzm6CRLfx5vU
m_bookcook (86).jpg,IM_8cyW4EYUeO2jmgm
m_bookcook (87).jpg,IM_efCX9wlapUrQMNE
m_bookcook (89).jpg,IM_7PaiXnhqVHakE2q
m_bookcook (93).jpg,IM_6stEogokhKlob7E
m_bookcook (96).jpg,IM_cC6QTdSqjQjVqFo
m_bookcook (98).jpg,IM_djsvf9RS8ahilTM
nagae_bento (10).jpg,IM_4VJYHuXHHbUBFxY
nagae_bento (100).jpg,IM_6KFV2IglLj9UdtI
nagae_bento (101).jpg,IM_8eNPq3Pp4P3xkXQ
nagae_bento (103).jpg,IM_0wHLLUmLPZH6pPU
nagae_bento (11).jpg,IM_9GNBZgHCTsjDsPk
nagae_bento (112).jpg,IM_77i3p3EDvgF8vxc
nagae_bento (117).jpg,IM_0ilr2oqpZLtHGBw
nagae_bento (118).jpg,IM_b7cCRD2wsY09gDI
nagae_bento (119).jpg,IM_bPbKwPmFOZWsx5Y
nagae_bento (12).jpg,IM_6eUa2GGoo3Iznim
nagae_bento (124).jpg,IM_3E4FtvlGBlw7HsW
nagae_bento (13).jpg,IM_bydRXz7FXh0V4ns
nagae_bento (130).jpg,IM_3R6EoAc78oyvmgS
nagae_bento (132).jpg,IM_1Lo5Ww73f2EEpH8
nagae_bento (139).jpg,IM_6i1z2pyL7uuki8u
nagae_bento (141).jpg,IM_9p3CBpNOtUykFQq
nagae_bento (142).jpg,IM_eF31BgO2iLExsLI
nagae_bento (143).jpg,IM_8k83oCRStLJeULk
nagae_bento (144).jpg,IM_cZVWlu4J1OklyqG
nagae_bento (145).jpg,IM_cTTizT0VcuzlkXQ
nagae_bento (147).jpg,IM_cvgF9jZ5UFAGWAC
nagae_bento (15).jpg,IM_8eHp7Xj8udpYn0G
nagae_bento (150).jpg,IM_6Vj6pHsO23jwr5A
nagae_bento (151).jpg,IM_cSbTUrELm3SXH14
nagae_bento (154).jpg,IM_ezIowosLNbi3cai
nagae_bento (156).jpg,IM_7Qf6vtuBtSujzWS
nagae_bento (158).jpg,IM_886V8yJncXCLYO2
nagae_bento (16).jpg,IM_3OuMSzdKSV5Fceq
nagae_bento (162).jpg,IM_7X6WGcnNEpkm00C
nagae_bento (17).jpg,IM_9YqycTwbZ0ZtnkW
nagae_bento (18).jpg,IM_3DIXtveP8uKcczI
nagae_bento (22).jpg,IM_ai8QXW79VLw3M6q
nagae_bento (24).jpg,IM_ebKfbIW0hWjMWai
nagae_bento (26).jpg,IM_d4sR0P68BslhRIi
nagae_bento (28).jpg,IM_3CV0xw4BpOojCFE
nagae_bento (29).jpg,IM_2awXoLHrRp3Jaaq
nagae_bento (30).jpg,IM_1O0LEiFoaN7HzkW
nagae_bento (32).jpg,IM_9sIzYCQ4UNc5Ap0
nagae_bento (36).jpg,IM_9sfrzzTosxMgSZo
nagae_bento (39).jpg,IM_3sXCMeLauudprEO
nagae_bento (4).jpg,IM_8CbTB1PkKJQtivk
nagae_bento (43).jpg,IM_da0su2VGrmumFSK
nagae_bento (47).jpg,IM_4ME4WUf5Ii6DNc2
nagae_bento (49).jpg,IM_8q248D7jmdTjEy2
nagae_bento (5).jpg,IM_d0WwBAnePTdkvzg
nagae_bento (52).jpg,IM_00VKSEPCrI7QIKO
nagae_bento (53).jpg,IM_3PjulEy2snUDpye
nagae_bento (54).jpg,IM_efW3w5sjsqTfnXU
nagae_bento (55).jpg,IM_cJhQA8ZsdwaK0jc
nagae_bento (57).jpg,IM_2f0IMlNykDBpRDE
nagae_bento (59).jpg,IM_0uf1YFnhv1AsTQy
nagae_bento (6).jpg,IM_0oEGR5N1kfPAJzU
nagae_bento (60).jpg,IM_7PPiX5eY3lqjA5E
nagae_bento (61).jpg,IM_b4z8EGHoNePgRxk
nagae_bento (62).jpg,IM_0ugCZDjg5MA8H0G
nagae_bento (7).jpg,IM_9QAXyCsKwN4fpBk
nagae_bento (70).jpg,IM_23GEEHVRAj7juUm
nagae_bento (71).jpg,IM_elN9HX43lflBkA6
nagae_bento (72).jpg,IM_bvWyeVpInHRJpXw
nagae_bento (75).jpg,IM_e3Bsz2XXrhVDFsO
nagae_bento (78).jpg,IM_0wEl2CJDN03kHBA
nagae_bento (8).jpg,IM_08L5VqbzsLUJkxg
nagae_bento (80).jpg,IM_8jO8jiDUxrRZG4K
nagae_bento (81).jpg,IM_d7sjpqeQkYeDqv4
nagae_bento (82).jpg,IM_1ImP2SkzYkwWYoC
nagae_bento (84).jpg,IM_6kZrcq6N0ODXTme
nagae_bento (85).jpg,IM_6yZsbCYwNMKmwlg
nagae_bento (87).jpg,IM_1Txi6Qe7KXhOUJM
nagae_bento (9).jpg,IM_aeEku3HW01dW7FI
nagae_bento (95).jpg,IM_1XmkzE8tjnF4lsG
nagae_bento (96).jpg,IM_249tVVOXnrqKCH4
naoben (1).jpg,IM_bw68vrO0Bp8OzuS
naoben (12).jpg,IM_5pvcGn2G5pmawe2
naoben (14).jpg,IM_9AmRIpAt59MSRT0
naoben (23).jpg,IM_0vJUxA4UkoCqoWq
naoben (24).jpg,IM_domjhVLlVatXz8y
naoben (29).jpg,IM_3C1jrbnhG8PYMx8
naoben (3).jpg,IM_81tTCd6sxWF5iTk
naoben (30).jpg,IM_0vsbUzXxjGawHbw
naoben (31).jpg,IM_6Wpcxk5n6G2QLpc
naoben (33).jpg,IM_3KjsIj6mlUY0yr4
naoben (34).jpg,IM_1XGGyJnep6h0SQm
naoben (35).jpg,IM_eW3slkkDJAetqLk
naoben (36).jpg,IM_0DOj8ZIe8ifFfTw
naoben (40).jpg,IM_8IZPTWEVqePQfRQ
naoben (42).jpg,IM_7OnxU0umZ1bzB7o
naoben (48).jpg,IM_b8ErHWXXxyltgc6
naoben (5).jpg,IM_ctJ2ypGlTIDEMPc
naoben (52).jpg,IM_8ca4GnAdEj1ZFOe
naoben (60).jpg,IM_0D7QRpITu7YmtXE
naoben (61).jpg,IM_1yTADQMbUR0STxc
naoben (62).jpg,IM_1ZcuhKja8JJN3P8
naoben (65).jpg,IM_cCsE5WuGTBfpxdA
naoben (66).jpg,IM_daQYMNthFHpNJFc
naoben (68).jpg,IM_4UBlCUwVg4Lgpds
naoben (71).jpg,IM_9EMUuS6J3e8kA4K
naoben (73).jpg,IM_0CAkqAIFYqTcGJU
naoben (74).jpg,IM_7UuUZSuUG1tKCrQ
naoben (75).jpg,IM_d3W8SpkHpC9BLoy
naoben (76).jpg,IM_2gzuS0aXw8uDfE2
naoben (8).jpg,IM_414TAq5ohjbomsC
naoben (85).jpg,IM_3aCAS7QWCTtgzn8
naoben (87).jpg,IM_0evihl9itsCCS1g
obentouni (10).jpg,IM_2gTPvhVed0CF0A6
obentouni (13).jpg,IM_0OHczOXktnPewTA
obentouni (14).jpg,IM_6tiuabjrJQItmQe
obentouni (20).jpg,IM_8i8iCQNSKrvmAFU
obentouni (25).jpg,IM_db9jJZR7SslwNqS
obentouni (26).jpg,IM_erj8u0hQMbd7iHI
obentouni (28).jpg,IM_d1jWurlFE5fQCX4
obentouni (30).jpg,IM_0dJgLboeHeSZm5g
obentouni (5).jpg,IM_5j6Nw6B61sagpEy
onaka__suita (1).jpg,IM_9NbWTxOzAbvYaMu
onaka__suita (100).jpg,IM_0TCKw6e7KpN05JI
onaka__suita (101).jpg,IM_6KyufDuUwa9wTNc
onaka__suita (106).jpg,IM_0BoQ5UvVcTKgS10
onaka__suita (107).jpg,IM_dpaomuGaHZc6XLo
onaka__suita (110).jpg,IM_bBhoRUUV0KjGK7c
onaka__suita (112).jpg,IM_6L6knrEcBp5R0hM
onaka__suita (117).jpg,IM_9Y4Gz4RyeL1VLuK
onaka__suita (118).jpg,IM_ac6wLLXekuQAiii
onaka__suita (12).jpg,IM_4YDBeXtHDCoKFN4
onaka__suita (14).jpg,IM_4G9noicUFkkeedE
onaka__suita (15).jpg,IM_0TmZnaOTVVRPjH8
onaka__suita (22).jpg,IM_2aF7Q3vuKrx7hwq
onaka__suita (23).jpg,IM_1STFA8VQwyDNIA6
onaka__suita (26).jpg,IM_6nF88ucSU2I6tCu
onaka__suita (28).jpg,IM_5z16biG9A6Cz9Rk
onaka__suita (29).jpg,IM_bIdPbS55jc4gFsG
onaka__suita (30).jpg,IM_88lB8gk3hMgMJ0y
onaka__suita (31).jpg,IM_9B7Mqct0m1JpdTE
onaka__suita (34).jpg,IM_02OJzNrLa7EtFA2
onaka__suita (36).jpg,IM_eaE04VciFxtgr9c
onaka__suita (4).jpg,IM_2l86BuiQVKnpnYa
onaka__suita (43).jpg,IM_e8NtKkLIfZGa3Ua
onaka__suita (56).jpg,IM_3rs2VR50Lrd1NSm
onaka__suita (57).jpg,IM_2rVPzDzqNUWTMd8
onaka__suita (58).jpg,IM_ePqOnCDXdpHjWiq
onaka__suita (59).jpg,IM_50YjQ56dbgRnP1Q
onaka__suita (6).jpg,IM_eSciS8X8qqq5uZw
onaka__suita (63).jpg,IM_78tOGMDfHxgZgeW
onaka__suita (65).jpg,IM_7TFTO6G1txuUVuK
onaka__suita (66).jpg,IM_1QYxTQf4Juywv42
onaka__suita (68).jpg,IM_2uGUNbes4jXJWKy
onaka__suita (70).jpg,IM_2sBDj4bHnqUeL5k
onaka__suita (71).jpg,IM_9Msrz7Ev2UnIgw6
onaka__suita (73).jpg,IM_6KUnLMrx6tybmYe
onaka__suita (84).jpg,IM_6mRrer9slonrJv8
onaka__suita (85).jpg,IM_5AcrcCgKigey9vw
onaka__suita (92).jpg,IM_aXh3poWRGMuZEPA
riebento (302).jpg,IM_3W3d4dEJ4vgUKDc
riebento (304).jpg,IM_0ikrXpKaiLfwFsq
rikioku (1).jpg,IM_8dHWYXMRCYLfNdQ
rikioku (15).jpg,IM_9HSvsPeqSaWqfbw
rikioku (17).jpg,IM_73ZAQCLieD8CUSO
rikioku (18).jpg,IM_8xgcmIepfkNReYK
rikioku (19).jpg,IM_0kZDuwhKnydw9DM
rikioku (20).jpg,IM_6m9z60QDEkpb87c
rikioku (22).jpg,IM_bvaQHcwrsybEFfw
rikioku (24).jpg,IM_1X0kPwruQ1XMkQu
rikioku (27).jpg,IM_73S6yp9CKw7drh4
rikioku (28).jpg,IM_b91O8HffZeHnyvk
rikioku (3).jpg,IM_d5VMylLT6hmrJ8a
rikioku (33).jpg,IM_2obPwtNMmS1Ye7Y
rikioku (37).jpg,IM_01hM35SvG9FGYFo
rikioku (38).jpg,IM_5hEaP9tJTvhaDm6
rikioku (39).jpg,IM_brbwmdmufPGnr5I
rikioku (42).jpg,IM_bvmeDkfv6f8I2MK
rikioku (46).jpg,IM_9oezZse7Cbl2PPg
rikioku (50).jpg,IM_enizi3m8m3zqG3Q
rikioku (51).jpg,IM_cBcM3RcvRVZCEWG
rikioku (53).jpg,IM_7Qh1m7LrlTSc3FY
rikioku (54).jpg,IM_d07HJzuha6q62ma
rikioku (56).jpg,IM_d1khxOupojXSlM2
rikioku (57).jpg,IM_37zPvjJUpusPo4m
rikioku (6).jpg,IM_dmUZ5VQbCHvAj5A
rikioku (62).jpg,IM_bp9lCoW2ZgfaGzk
rikioku (65).jpg,IM_1TdTggiT9EuoEYe
rikioku (67).jpg,IM_8IGwSLlKXcLiflA
rikioku (68).jpg,IM_5BCbccTF98gEi9w
rikioku (69).jpg,IM_0SQgkaTO0bNMsD4
rikioku (73).jpg,IM_bPKHXQO2rJvBcVM
rikioku (74).jpg,IM_cvGy050X7VbbNMW
rikioku (75).jpg,IM_3IZor2hKy1HQp5c
rikioku (76).jpg,IM_ddmLjDyApxX5xoq
rikioku (77).jpg,IM_efwtbVIZaNeTeo6
rikioku (9).jpg,IM_07J7vRe0sfnYukm
rukuma (24).jpg,IM_cYAtAChRZKdTtzg
rukuma (34).jpg,IM_eb0422Gafz3RsUK
rumi (10).jpg,IM_29UQjRjdOK1nDAG
rumi (11).jpg,IM_87ymFTcP1oWknVI
rumi (12).jpg,IM_80p6iRwuCfPNwOO
rumi (15).jpg,IM_b1oQ9xycbj43IfY
rumi (17).jpg,IM_4TxCsQqM1mRUKyi
rumi (2).jpg,IM_87BtvnMerPJWgD4
rumi (20).jpg,IM_77CTpk6QFpASLQi
rumi (22).jpg,IM_88EOxS34W1uyHhs
rumi (25).jpg,IM_25kFypEMrQgTutg
rumi (26).jpg,IM_6FIMYFyzbcSxKhE
rumi (27).jpg,IM_dhG0DfzTo9sctka
rumi (40).jpg,IM_1RYjXFNjt4iulq6
rumi (5).jpg,IM_8ALZgeQJpIZLHjU
r__obento (103).jpg,IM_01w3dIeva9X0QMm
r__obento (105).jpg,IM_eRGv4gBCgpt01i6
r__obento (107).jpg,IM_0ImsEoJgd1KtY8u
r__obento (16).jpg,IM_9otzqI60UrOUxYa
r__obento (2).jpg,IM_5nkDG9tZBGRC7Xg
r__obento (22).jpg,IM_eV8lG4ugLP42q0u
r__obento (24).jpg,IM_8tOi3f40k0Jhxye
r__obento (26).jpg,IM_cBJIuVWyHbWch4W
r__obento (30).jpg,IM_9Xo59oxIFMX6u3A
r__obento (32).jpg,IM_1AAEeRy66Qz3yaa
r__obento (33).jpg,IM_5ABMjN3qU9n27bg
r__obento (34).jpg,IM_3fpAEDIHPSZT3D0
r__obento (36).jpg,IM_5BCiEYvvP2bGhLg
r__obento (39).jpg,IM_cO69h6oV46gJWIK
r__obento (42).jpg,IM_1UqCZ9jfBZtRSsK
r__obento (44).jpg,IM_3m9YBnTZt4ayx7g
r__obento (46).jpg,IM_02iDJWFMGarLuFU
r__obento (47).jpg,IM_6MzsKWVMkhZiFue
r__obento (48).jpg,IM_3OTC6AMt6JpBd0q
r__obento (50).jpg,IM_3DALcAlG0CEKeLI
r__obento (52).jpg,IM_57330AOgVPzROwC
r__obento (53).jpg,IM_0CxFdlwaJ3B12Rg
r__obento (59).jpg,IM_cHAH6b9fJ7jBUGy
r__obento (60).jpg,IM_cTL9KLIXDctk0Wq
r__obento (61).jpg,IM_8cTazBgzd9UcBbo
r__obento (63).jpg,IM_e5rNaNfR4AeTgzQ
r__obento (66).jpg,IM_0iAgVIETQMM49r8
r__obento (67).jpg,IM_a4oYj2cDescEbZA
r__obento (68).jpg,IM_6DzdW0FrrI3vyPY
r__obento (69).jpg,IM_8phSQLo8J72GxdY
r__obento (72).jpg,IM_9pfl1IgFZAtkyWi
r__obento (74).jpg,IM_1YrxXA5bP0QtrkW
r__obento (76).jpg,IM_ahNh889ltoi4kx8
r__obento (77).jpg,IM_2o4Y7PA3KIW47ky
r__obento (78).jpg,IM_dbuGSbqar9yd8HQ
r__obento (8).jpg,IM_bOClfFvOaUALC0S
r__obento (80).jpg,IM_2lgLkfGCu9L8Guq
r__obento (81).jpg,IM_da0Xz4gGYaFnDsq
r__obento (87).jpg,IM_bKP8MlUeAQVIaWO
r__obento (88).jpg,IM_9KAxenRHi4WowKi
r__obento (89).jpg,IM_1BSdmsZoWHxPwNw
r__obento (90).jpg,IM_b4axOiSa7CetHTw
r__obento (91).jpg,IM_a63f5gRFayKQvHM
r__obento (93).jpg,IM_4G6smbuGxU9cQse
r__obento (97).jpg,IM_40Gf6o6cDmk2ESO
r__obento (98).jpg,IM_5ot4rMMf4LxWLz0
r__obento (99).jpg,IM_9vtKqHcxFMJC7n8
sapooo (1).jpg,IM_6VRIjgNA5tzCGV0
sapooo (2).jpg,IM_ekXkhrKIPQr38l8
sapooo (3).jpg,IM_0fvMarelIIcBxci
sapooo (4).jpg,IM_bqGKqsUox3X08yG
sapooo (5).jpg,IM_d3Zvo49rrbQsNBs
sapooo (6).jpg,IM_73VbvIL7JLsuDZ4
sapooo (7).jpg,IM_0rLZjlA3K38YKcS
sapooo (9).jpg,IM_56YlNF5RBTMHjCe
sora (1).jpg,IM_3CNUnUUP41fwEOa
sora (13).jpg,IM_b8h7C3TYDCc4bGu
sora (14).jpg,IM_6ngxuY6SONOoWTs
sora (15).jpg,IM_6Xtq08vB0chfhOu
sora (16).jpg,IM_0Vg6BtrK00okEzs
sora (17).jpg,IM_ekD58jhvHSye3fU
sora (2).jpg,IM_1Fck7aY6tP1eTbg
sora (20).jpg,IM_bEi1G4yrehSkJw2
sora (21).jpg,IM_4JDQXv44pjl1RgW
sora (24).jpg,IM_0J9tkbCIQ4TSbQi
sora (25).jpg,IM_dmcWE4sd36QKFcW
sora (26).jpg,IM_dnvKR7YsFEvUmyi
sora (30).jpg,IM_24PKOrCXGmD3dKC
sora (31).jpg,IM_25bV2SqsnCXcaUe
sora (33).jpg,IM_5mZe5DNOEnu3AeW
sora (38).jpg,IM_0VbBRHkUCRMSL8W
sora (41).jpg,IM_3Voha9KpDzWTAvY
sora (42).jpg,IM_1Sb6sv4Bpy9LahU
sora (43).jpg,IM_5mNq4wNpBJ2FH1Q
sora (46).jpg,IM_4VC0V6OBYIeDTPU
sora (49).jpg,IM_cw2QbQdPjK31Bsi
sora (53).jpg,IM_dhWc3InMEdQsOvc
sora (55).jpg,IM_aeYL0lRbDYM4TeS
sora (56).jpg,IM_9FbtE4U3yailq1U
sora (61).jpg,IM_eR5p4YLQub23vH8
sora (64).jpg,IM_7QYCAy5Lmw4rlm6
sora (65).jpg,IM_5baE3E8VTN9ry74
sora (67).jpg,IM_3KR1iHTBnI85Fqe
sora (68).jpg,IM_af3tzCEarq04QRg
sora (69).jpg,IM_1Hb1on6GuxQ8qyi
sora (70).jpg,IM_9N7JDP0oll0iz1Y
sora (71).jpg,IM_3W4d52bbCWS6pw2
sora (74).jpg,IM_bPWFGw13S2kxweW
sora (76).jpg,IM_exm0LECD5tpkteK
sora (9).jpg,IM_eDTefZzAPCh8Mv4
toco (1).jpg,IM_b7M2ZAbUi5XWTuS
toco (18).jpg,IM_b1uiqPX34PILdz0
toco (19).jpg,IM_9AlyDg5gXAKOAku
toco (22).jpg,IM_2aSEg0BZkWhC8V8
toco (27).jpg,IM_bC5fWIl2eD9gatU
toco (30).jpg,IM_572KKRKAuKv7E46
toco (35).jpg,IM_5AU53wRmZppP6bY
toco (37).jpg,IM_2rwt1qEj7P1S5Iq
toco (39).jpg,IM_8hOIs5Sh7LijPCK
toco (4).jpg,IM_6AmIWeSDzW3dJ6C
toco (40).jpg,IM_0Ss8gtYfsPlqvRA
toco (41).jpg,IM_8IAyhrzVVK7FPts
toco (42).jpg,IM_1z6uoS40JaQHMXA
toco (44).jpg,IM_82j9f6vvr8pj7fw
toco (48).jpg,IM_a8VJ1PS9Xfwx7Yq
toco (51).jpg,IM_8dhMjVc3xpPf2zY
toco (52).jpg,IM_6MDnBjzfkq4WaWO
toco (53).jpg,IM_bDYuArFff7vRD3o
toco (55).jpg,IM_9LINgV9pVBYTebc
toco (56).jpg,IM_3w7mMWfgFgWH5ae
toco (6).jpg,IM_bsE9QFYdntIjP6e
toco (60).jpg,IM_6zovENjcwjQkKpg
toco (61).jpg,IM_eJKyEyOXWqOB2Cy
toco (62).jpg,IM_7PqpFrVo8rx5FVs
toco (67).jpg,IM_cu3lrvZPJudKDxs
toco (7).jpg,IM_1ZcAE5ZSmDx56iq
toco (70).jpg,IM_6DrPwDIOWo71kN0
toco (71).jpg,IM_2nxy8YgkXccxSdw
toco (73).jpg,IM_7NzYnP3KkxXjpEa
toco (74).jpg,IM_d5pa6MH3cyZtCui
toco (76).jpg,IM_eScfwCfLrbuQqiO
toco (79).jpg,IM_9mn7smQscsutFJk
toco (82).jpg,IM_1Y4Y339WEsxu5me
toco (83).jpg,IM_eOO4JUPxn4ZARV4
toco (87).jpg,IM_cTFQ1wW5v9P5qmO
tomoko (107).jpg,IM_9z7ayvgKOXK2HD8
tomoko (108).jpg,IM_cZuWWQdTJR97oOy
tomoko (109).jpg,IM_3lx00uSarvo4ajk
tomoko (11).jpg,IM_1XthgHRMunhALs2
tomoko (118).jpg,IM_d0d1aUj59BWlPG6
tomoko (124).jpg,IM_0VcCnJoDFHUVLpQ
tomoko (126).jpg,IM_ahgCQef635TwcCy
tomoko (13).jpg,IM_b7YbC3ps5FwwlHU
tomoko (131).jpg,IM_9AbzHf6b8xK73ZY
tomoko (132).jpg,IM_1HOTua0FLNDrTqS
tomoko (134).jpg,IM_5tj7jYl4fzWsIpU
tomoko (135).jpg,IM_9t586B3MYInBqN8
tomoko (136).jpg,IM_a4dwuqA6DKzQJbE
tomoko (137).jpg,IM_cU8XPf5STqr8Jim
tomoko (138).jpg,IM_6Szq8VU5yLa7fdI
tomoko (139).jpg,IM_cFHw5kmneak7kB8
tomoko (14).jpg,IM_4GwPfqPWI4ba0lw
tomoko (143).jpg,IM_096olL29ybi5GZg
tomoko (144).jpg,IM_enQvNhQDlyukD78
tomoko (147).jpg,IM_39kUqp4bLQl6G2i
tomoko (148).jpg,IM_eksQbOita6Ys27Y
tomoko (151).jpg,IM_8qOu0GNwkP8YEC2
tomoko (152).jpg,IM_2uDwCD7eDnlTihU
tomoko (159).jpg,IM_bda16QbapKIjn4q
tomoko (161).jpg,IM_2ctcMldNZxKm6hg
tomoko (162).jpg,IM_7OFzxEk1GOrpXqS
tomoko (163).jpg,IM_3QaUKW9dNHFUjj0
tomoko (166).jpg,IM_8pqf6dQVVqcdSCO
tomoko (171).jpg,IM_0V8jLlu51TaVelg
tomoko (18).jpg,IM_0MJAt6W9Ywvh6S2
tomoko (2).jpg,IM_8rd6qi2RQMpkkyq
tomoko (22).jpg,IM_9z7gVmdJj9TkorY
tomoko (26).jpg,IM_2iCVB7X5toc5ydg
tomoko (31).jpg,IM_8IaiArOWvyGIR26
tomoko (33).jpg,IM_aWumRFpdzrOiEkK
tomoko (34).jpg,IM_bwGtkantIBQ7EiO
tomoko (38).jpg,IM_1HNbxAfwqMCVxTE
tomoko (41).jpg,IM_6D98l2bgFu0jCvk
tomoko (43).jpg,IM_88n2pMoWduuUFo2
tomoko (44).jpg,IM_0vbLRJ2wwwKnQ0u
tomoko (46).jpg,IM_cUwhtZRXukdqa5U
tomoko (48).jpg,IM_4ZVN7cbTTfO9U8e
tomoko (5).jpg,IM_2oAU3rNyjE7OqcC
tomoko (51).jpg,IM_bw78bTh63SJ62ea
tomoko (55).jpg,IM_cvhgMQTwiYd3DjE
tomoko (59).jpg,IM_9ylIvCntjeuIMdM
tomoko (61).jpg,IM_6xSLeNBZUFLB6wm
tomoko (62).jpg,IM_1AE2jt8kluoUC10
tomoko (63).jpg,IM_enchxrPlfYOMbHw
tomoko (66).jpg,IM_2mDl4kG8JaocFue
tomoko (73).jpg,IM_1yHIOTVmC4NeoWa
tomoko (74).jpg,IM_0oBf8MN5mC1Kl3E
tomoko (77).jpg,IM_1Nhb17ZhDgtCekC
tomoko (79).jpg,IM_2bej78PGR1OnYQ6
tomoko (80).jpg,IM_8wy0NYqBJCe2u3k
tomoko (81).jpg,IM_eA1wkNszFKMoXsy
tomoko (83).jpg,IM_etYTOcy36JaJ0TI
tomoko (86).jpg,IM_9yLNwfcxWJPaw1o
tomoko (9).jpg,IM_2c25t1dCpXe8OnY
tomoko (90).jpg,IM_1SvTK9W4FLovBQ2
tomoko (91).jpg,IM_1A2gjEwXyvtFMzQ
tomoko (92).jpg,IM_d5SQZC6jPL9H41M
tomoko (96).jpg,IM_5BVngicO5Cj9l5A
tomoko (97).jpg,IM_8c6yKRrGIJUjVJ4
uco (10).jpg,IM_eYfcNYlJ5KmJb82
uco (103).jpg,IM_bd3EsjDUM7enE90
uco (104).jpg,IM_8BN7QPckv0frSPc
uco (113).jpg,IM_4VNRteeqqBNY1Bc
uco (115).jpg,IM_dcC2ya4lobuqrD8
uco (116).jpg,IM_5tdndZkmNxsHGRg
uco (120).jpg,IM_ehScCMrIEHiIrlQ
uco (121).jpg,IM_eFAIdsEoXWQNeUm
uco (122).jpg,IM_0rBFjHRtk3CnILY
uco (124).jpg,IM_aWpH1Zh1uTevQdo
uco (127).jpg,IM_eCCepIYEAe1eb8q
uco (137).jpg,IM_9XoH5m4Lx4pJV3g
uco (14).jpg,IM_9t68wQWBOI5plvU
uco (142).jpg,IM_aicfp8pn3FpUM9U
uco (145).jpg,IM_8JtlNcVqZUUFKg6
uco (147).jpg,IM_e4jcsTghEsDwEFo
uco (148).jpg,IM_6KHsD0mAKcDxSIK
uco (149).jpg,IM_aWzd8kvR7Qu2pSe
uco (151).jpg,IM_3jxQMFIorYUq48C
uco (153).jpg,IM_eMb4qvE3qdvNoZE
uco (160).jpg,IM_2fW8WgzDqvyOHEa
uco (167).jpg,IM_aVkhwkbDmmcde18
uco (168).jpg,IM_7OH5RgfEoN9MGeq
uco (17).jpg,IM_bfQibefaS6YTtbM
uco (170).jpg,IM_bQq6go4a0zbCZx4
uco (171).jpg,IM_6QqeSihUsLf86Ka
uco (173).jpg,IM_0v7GJmIRn0VNrGS
uco (18).jpg,IM_8BrvVtPpFs0GWCa
uco (180).jpg,IM_87j9DuP8XB1J3OC
uco (184).jpg,IM_9Zht4QODSBWNOR0
uco (19).jpg,IM_6FPKjetLGWvHM46
uco (2).jpg,IM_3UXAHRcw1MwuE0C
uco (20).jpg,IM_aW6zzpnLwAqDCtg
uco (25).jpg,IM_1GDSnF2OXY0kr4i
uco (26).jpg,IM_80uBD9L9owmJSMC
uco (27).jpg,IM_8nOWUtwNKjKJeZ0
uco (31).jpg,IM_0NSakbVu0gG6Mke
uco (32).jpg,IM_40H6WxHHxEurm3Y
uco (33).jpg,IM_0fgiVOaixrB32B0
uco (35).jpg,IM_8wFkFdvSyFbEOz4
uco (37).jpg,IM_b3NMpVfAIojUKc6
uco (38).jpg,IM_7Osu0ziBOkKSb0W
uco (41).jpg,IM_dj96K60NKbK0Bgy
uco (45).jpg,IM_4MczrUhV5Lwmqai
uco (48).jpg,IM_db7QOOHdtsEJkLc
uco (52).jpg,IM_6R0C1LxFRNED3JY
uco (54).jpg,IM_bIuiaHPt9OnjKRM
uco (55).jpg,IM_1WYXYwEw7ZWNCWW
uco (59).jpg,IM_5oTBk4l9L17gByS
uco (61).jpg,IM_6ujrPLgwEQRnoHQ
uco (63).jpg,IM_0lmXHJafzeZt22G
uco (64).jpg,IM_6PAqk73MMs0iaJo
uco (65).jpg,IM_8bMqUAr2exDrOT4
uco (68).jpg,IM_55xw15iVvP2da9E
uco (7).jpg,IM_5nEXX1YYA5jWtsq
uco (72).jpg,IM_bOcE0IUuvaOb6YK
uco (74).jpg,IM_6DLsOzJ6igr2TgW
uco (78).jpg,IM_0fHv1bnxJ29tElU
uco (81).jpg,IM_8if8g3fx89pzcBo
uco (85).jpg,IM_erO2wWKcbLG0Vjo
uco (86).jpg,IM_06bRZVB1h9e2uSq
uco (89).jpg,IM_ezZuSUmj89xvZzM
uco (9).jpg,IM_0BqAdtO6DJTD0Mu
uco (90).jpg,IM_0oFOBiIWjkbBc0u
uco (94).jpg,IM_5yH2vi2H0M1b6Iu
uco (95).jpg,IM_0BWkWRgzCaPmu1w
uco (99).jpg,IM_encyjrzFxyoTwq2
user_nakami  (1).jpg,IM_5mxfD4NwDV3Hi9E
user_nakami  (12).jpg,IM_6xOaF2rbVxAhgeq
user_nakami  (13).jpg,IM_2icR91AXsKnLk4m
user_nakami  (24).jpg,IM_5pVtgI7PHR7zBHw
user_nakami  (28).jpg,IM_5vdC8aU5h2gm690
user_nakami  (29).jpg,IM_ex7A1TsojjsrgmW
user_nakami  (3).jpg,IM_cUAnmRk53gzElDw
user_nakami  (34).jpg,IM_elH7p9PfjGhQn9s
user_nakami  (35).jpg,IM_8qNhqxX3mIxG0V8
user_nakami  (40).jpg,IM_8HTcuhC92QIOUHs
user_nakami  (41).jpg,IM_9FiVAGqdyNtg9UO
user_nakami  (44).jpg,IM_ahIfngsBfwKhIjQ
user_nakami  (46).jpg,IM_bjZ8NBEZufsXADc
user_nakami  (5).jpg,IM_e5tbV6tKj9NsPae
user_nakami  (50).jpg,IM_dczPEW5YAnlUz7E
user_nakami  (55).jpg,IM_9LcWU7nlka5BcuW
user_nakami  (56).jpg,IM_4YnW3g55I7RLFB4
user_nakami  (59).jpg,IM_6fM61hnP80KFtHw
user_nakami  (6).jpg,IM_9zV8dCDIkn6D3fw
user_nakami  (60).jpg,IM_8eHSPXKucXevHRc
user_nakami  (64).jpg,IM_bscpJh6f136But0
user_nakami  (77).jpg,IM_7NW7k617mrV6W0K
user_nakami  (80).jpg,IM_6nDKI2bJ7Mewy5U
user_nakami  (82).jpg,IM_0kCBPqk6TDHRax8
user_nakami  (9).jpg,IM_1FgQbv5Wwb5ZlIi
wappakun (10).jpg,IM_571gHr3OFETQGGO
wappakun (13).jpg,IM_eMcsCVHHZvOUy5o
wappakun (14).jpg,IM_8oCTIyNFEMd6xTw
wappakun (17).jpg,IM_aeOLIqnQmfBgidU
wappakun (3).jpg,IM_ba9LBU9orunbprg
wappakun (32).jpg,IM_3Diy4XrhrVMSciq
wappakun (35).jpg,IM_3KkVBTmp4EJjNn8
wappakun (41).jpg,IM_1FGTJQIh5IQ9D5c
wappakun (43).jpg,IM_8hQhp8THHvVnS4e
wappakun (45).jpg,IM_0jNhwbUesbLp9K6
wappakun (49).jpg,IM_5jUj6e6dcwGegSi
wappakun (55).jpg,IM_cYgR0epaIH76N1Q
wappakun (62).jpg,IM_ebwcfSiXFNm70Cq
wappakun (64).jpg,IM_0wUF0mw4xgxl7GC
wappakun (66).jpg,IM_dcjIBa3pyr11Gbs
wappakun (68).jpg,IM_0wx6zkZgjz9osaa
wappakun (72).jpg,IM_9NZQWAOdC9y0WKa
wappakun (75).jpg,IM_8AjrwSgV991mxYa
wappakun (80).jpg,IM_3sLN1dJI1eUDs3A
wappakun (82).jpg,IM_9uZHgJ9RnX2ivWu
wappakun (9).jpg,IM_9BSw1GeFXSB65L0
yk (102).jpg,IM_3xXT8QOhVbHpZ3w
yk (103).jpg,IM_bJl5AEH588a2vau
yk (12).jpg,IM_8vlwpiYgXwIpEvY
yk (13).jpg,IM_8A12ErCy7JbWfsi
yk (24).jpg,IM_6zNpzm0G3rnzZH0
yk (26).jpg,IM_eXyPtTtxVVzmbnU
yk (27).jpg,IM_1yOSsOTuHtzc4cK
yk (28).jpg,IM_1I9JMEjgOfT6Oqy
yk (29).jpg,IM_dbShMTklqAJjrVA
yk (33).jpg,IM_8CUhN53gc8fNPka
yk (34).jpg,IM_cHd7S5DBh6gfNAi
yk (35).jpg,IM_2366cZIKLa8fPfw
yk (37).jpg,IM_eKuXtgOVfyPRAVM
yk (39).jpg,IM_dcC2L76rFmB0QZM
yk (41).jpg,IM_3b1xqOq8Hgi5WHc
yk (42).jpg,IM_8Dj3yyJXkTwSync
yk (44).jpg,IM_3lpiAh4PKnADerI
yk (47).jpg,IM_dgr0wfcM95rXMsm
yk (49).jpg,IM_exk5TblqppoS8kK
yk (5).jpg,IM_9SojZumbf0zfAiO
yk (57).jpg,IM_6LpxwmQPEDWl4qy
yk (6).jpg,IM_dhhMxLk7gauIkFo
yk (69).jpg,IM_6JAAPOZ1GWsdAuG
yk (70).jpg,IM_abpCcbo4KlzKeGi
yk (71).jpg,IM_2gycSLoH4SdIx9Q
yk (73).jpg,IM_bgwObKZ1IeVSZXU
yk (74).jpg,IM_0uln5K475z2E8fk
yk (76).jpg,IM_dmLlXPCSDEFM7Oe
yk (8).jpg,IM_22Xj9QBzDgcX2Zw
yk (80).jpg,IM_0UKVTnfSzs3o6dE
yk (84).jpg,IM_abH0WnrAKbNi0aa
yk (87).jpg,IM_cC2CrJczf5Gjau2
yk (91).jpg,IM_9A14Ro6ygXJNcFg
yk (92).jpg,IM_816zCeZD8gF6ZWS
yk (93).jpg,IM_aWyqdXhHqACVNlA
yk (94).jpg,IM_0GjACsg0wxf8e5o
yk (95).jpg,IM_4HOsY71jaJApqZg
yumben (15).jpg,IM_6stj3hqcYlPw65U
yumben (17).jpg,IM_0GqIqPzMEUwpSkK
yumben (18).jpg,IM_4O6yPQi1fJbMoke
yumben (19).jpg,IM_0rmDOxWMuQz9pZ4
yumben (25).jpg,IM_8pSdVKuiZ6DbI3k
yumben (28).jpg,IM_2bJ4DCT84rlYQtM
yumben (32).jpg,IM_d51msdw3uj8iJQW
yumben (42).jpg,IM_a4PafNd5qpJtfW6
yumben (47).jpg,IM_e3hfbqrBVMhspw2
yumben (48).jpg,IM_8ojwviUpUSGvXjE
yumben (49).jpg,IM_9XNcY1alag5COpw
yumben (5).jpg,IM_38m1oLblZicOTTU
yumben (50).jpg,IM_41kOiEip9QUr8t8
yumben (52).jpg,IM_6gIg12X0GECYyzk
yumben (53).jpg,IM_4Yp6xOOX6dtjdX0
yumben (57).jpg,IM_3EFU6Q2mOm4f2zc
yumben (58).jpg,IM_7TLyjwz157zwhAa
yumben (59).jpg,IM_dbPahhYpdqanZEa
yumben (60).jpg,IM_2f6Llr6tF2NuAN8
yumben (9).jpg,IM_8oFQqXfHfdPZ74q
